"","geoid10","area","numeric"
"1","17031842400","1968638.23362778",1968638.23362778
"2","17031840300","831225.10350196",831225.10350196
"3","17031841100","1143245.24497646",1143245.24497646
"4","17031841200","625405.828253059",625405.828253059
"5","17031839000","516456.127220011",516456.127220011
"6","17031838200","1157564.13910151",1157564.13910151
"7","17031650301","985552.910635484",985552.910635484
"8","17031530503","1637979.42349779",1637979.42349779
"9","17031760803","760357.474887562",760357.474887562
"10","17031030601","252836.103996852",252836.103996852
"11","17031030604","283748.926765217",283748.926765217
"12","17031020801","655950.324390979",655950.324390979
"13","17031540102","5296525.9115876",5296525.9115876
"14","17031843300","584251.036919221",584251.036919221
"15","17031540101","3866268.07225902",3866268.07225902
"16","17031440201","531537.287106574",531537.287106574
"17","17031080202","155329.109318362",155329.109318362
"18","17031070102","124701.554100658",124701.554100658
"19","17031031501","160448.037338928",160448.037338928
"20","17031031502","161701.940248368",161701.940248368
"21","17031834900","652720.201769417",652720.201769417
"22","17031834800","600481.927104425",600481.927104425
"23","17031160502","310885.048321574",310885.048321574
"24","17031140702","427093.269853084",427093.269853084
"25","17031842000","589975.992959629",589975.992959629
"26","17031150402","662510.817330817",662510.817330817
"27","17031834400","585569.058626247",585569.058626247
"28","17031040201","721411.126847545",721411.126847545
"29","17031040202","588656.011907091",588656.011907091
"30","17031020702","786874.454877299",786874.454877299
"31","17031020802","644014.90839329",644014.90839329
"32","17031020301","825541.85812488",825541.85812488
"33","17031838700","658084.925883815",658084.925883815
"34","17031020601","591326.123399231",591326.123399231
"35","17031841500","432306.386270773",432306.386270773
"36","17031838600","246252.627385253",246252.627385253
"37","17031837300","368499.155800758",368499.155800758
"38","17031020602","492025.079386661",492025.079386661
"39","17031063301","93852.9893659517",93852.9893659517
"40","17031837800","1005500.65899811",1005500.65899811
"41","17031837400","591450.094550726",591450.094550726
"42","17031836900","164714.840441159",164714.840441159
"43","17031020302","639919.370044091",639919.370044091
"44","17031020902","503213.381288773",503213.381288773
"45","17031010701","429679.705512358",429679.705512358
"46","17031030103","187915.551411438",187915.551411438
"47","17031063303","236592.405427592",236592.405427592
"48","17031030102","200459.828774109",200459.828774109
"49","17031010502","180366.670964537",180366.670964537
"50","17031010503","194274.934550327",194274.934550327
"51","17031010702","357548.491456332",357548.491456332
"52","17031837100","745298.027736827",745298.027736827
"53","17031837000","412544.924797864",412544.924797864
"54","17031010201","504471.033647668",504471.033647668
"55","17031020901","486915.211183985",486915.211183985
"56","17031040401","385796.639200969",385796.639200969
"57","17031210602","380700.751506716",380700.751506716
"58","17031160501","345246.376953886",345246.376953886
"59","17031191302","631189.903063009",631189.903063009
"60","17031190602","621353.179989469",621353.179989469
"61","17031840200","831093.653897179",831093.653897179
"62","17031530501","1296491.83153333",1296491.83153333
"63","17031020701","591392.872858573",591392.872858573
"64","17031831400","2104284.66789687",2104284.66789687
"65","17031831300","576172.990070432",576172.990070432
"66","17031010501","202152.072127893",202152.072127893
"67","17031833000","1312664.56673669",1312664.56673669
"68","17031760801","1300579.86191585",1300579.86191585
"69","17031252101","850097.57510399",850097.57510399
"70","17031252102","668485.628225324",668485.628225324
"71","17031252202","637446.888722692",637446.888722692
"72","17031220601","189119.501632278",189119.501632278
"73","17031210502","345944.978145211",345944.978145211
"74","17031220602","464796.43666939",464796.43666939
"75","17031220901","293285.84278563",293285.84278563
"76","17031220902","330305.138051587",330305.138051587
"77","17031200401","402814.278770331",402814.278770331
"78","17031200402","386204.269135748",386204.269135748
"79","17031191301","674993.207562009",674993.207562009
"80","17031190601","690031.1242549",690031.1242549
"81","17031190701","277867.955958682",277867.955958682
"82","17031190702","383492.089067184",383492.089067184
"83","17031190401","655473.29122294",655473.29122294
"84","17031190402","653980.192885632",653980.192885632
"85","17031832100","222084.734732913",222084.734732913
"86","17031843800","1309513.88399328",1309513.88399328
"87","17031842800","1516561.72303992",1516561.72303992
"88","17031351500","168878.982888187",168878.982888187
"89","17031980100","2961318.16254178",2961318.16254178
"90","17031833300","477828.046558357",477828.046558357
"91","17031832900","401289.492126541",401289.492126541
"92","17031838000","537837.159235475",537837.159235475
"93","17031838100","822114.089580918",822114.089580918
"94","17031030706","581936.235291388",581936.235291388
"95","17031381500","108676.116970196",108676.116970196
"96","17031833100","922172.601890482",922172.601890482
"97","17031839100","1186062.8668696",1186062.8668696
"98","17031081201","185123.148190625",185123.148190625
"99","17031150401","738023.71597996",738023.71597996
"100","17031150501","698785.866927604",698785.866927604
"101","17031843000","1065156.72128386",1065156.72128386
"102","17031842900","2208286.36127168",2208286.36127168
"103","17031842100","2034640.42666307",2034640.42666307
"104","17031841900","2564977.51038621",2564977.51038621
"105","17031080201","135302.921212049",135302.921212049
"106","17031070101","1197874.29055308",1197874.29055308
"107","17031081202","735030.005338409",735030.005338409
"108","17031040402","602582.719172469",602582.719172469
"109","17031220702","575194.778524855",575194.778524855
"110","17031140301","164127.410800408",164127.410800408
"111","17031842200","1565695.36982563",1565695.36982563
"112","17031843700","1263069.50682098",1263069.50682098
"113","17031835000","1004078.04879376",1004078.04879376
"114","17031842300","1872231.86314426",1872231.86314426
"115","17031230200","210189.950123355",210189.950123355
"116","17031835100","1003889.38980946",1003889.38980946
"117","17031834700","657991.937264584",657991.937264584
"118","17031151001","330132.630163955",330132.630163955
"119","17031151002","637150.741745318",637150.741745318
"120","17031160602","518378.284572601",518378.284572601
"121","17031140601","272125.270992313",272125.270992313
"122","17031140701","228325.867484261",228325.867484261
"123","17031140602","384381.921978779",384381.921978779
"124","17031390500","326518.041889561",326518.041889561
"125","17031841800","1643117.34140211",1643117.34140211
"126","17031842500","1075342.40427123",1075342.40427123
"127","17031842600","3679424.32132855",3679424.32132855
"128","17031843500","2032655.01863011",2032655.01863011
"129","17031843400","656155.327159085",656155.327159085
"130","17031140302","421893.259511902",421893.259511902
"131","17031110501","791607.513104907",791607.513104907
"132","17031390400","326307.502638927",326307.502638927
"133","17031843200","3162059.99058157",3162059.99058157
"134","17031840800","328680.962947369",328680.962947369
"135","17031110502","649188.602819636",649188.602819636
"136","17031760802","6213668.59477225",6213668.59477225
"137","17031150502","684581.187064384",684581.187064384
"138","17031843100","1012677.92386056",1012677.92386056
"139","17031834300","1909305.22817896",1909305.22817896
"140","17031843900","2211632.37342004",2211632.37342004
"141","17031831200","574946.193971231",574946.193971231
"142","17031831600","1488842.11745382",1488842.11745382
"143","17031831500","968250.15216688",968250.15216688
"144","17031831100","1315153.73783458",1315153.73783458
"145","17031831700","532281.011426386",532281.011426386
"146","17031271500","162820.103641191",162820.103641191
"147","17031440202","781698.617554829",781698.617554829
"148","17031440102","627504.361489349",627504.361489349
"149","17031430102","999262.389555299",999262.389555299
"150","17031030702","8298.57540814266",8298.57540814266
"151","17031030603","115999.766584342",115999.766584342
"152","17031030701","69877.3605144406",69877.3605144406
"153","17031836300","137520.139043409",137520.139043409
"154","17031838300","348133.527490837",348133.527490837
"155","17031839800","266174.036867461",266174.036867461
"156","17031836600","634176.581943783",634176.581943783
"157","17031730202","876170.065412008",876170.065412008
"158","17031430101","329505.058960901",329505.058960901
"159","17031063302","121199.408126431",121199.408126431
"160","17031836200","813725.188300685",813725.188300685
"161","17031071400","1323872.52442927",1323872.52442927
"162","17031840100","335805.531276576",335805.531276576
"163","17031580502","494418.260289159",494418.260289159
"164","17031841400","238636.923260233",238636.923260233
"165","17031081401","279854.868364547",279854.868364547
"166","17031081403","1819090.99032226",1819090.99032226
"167","17031030703","198287.94990389",198287.94990389
"168","17031836000","505740.347754769",505740.347754769
"169","17031835800","284424.350794289",284424.350794289
"170","17031835900","647443.381266741",647443.381266741
"171","17031834500","464133.83368105",464133.83368105
"172","17031843600","410893.121554239",410893.121554239
"173","17031580501","492118.123699984",492118.123699984
"174","17031834600","1562236.36267058",1562236.36267058
"175","17031831800","1903566.66430153",1903566.66430153
"176","17031071600","162133.792783198",162133.792783198
"177","17031832600","721625.196913478",721625.196913478
"178","17031061901","160610.115169364",160610.115169364
"179","17031839900","1179548.248042",1179548.248042
"180","17031030104","181021.954324704",181021.954324704
"181","17031770602","5541130.98133224",5541130.98133224
"182","17031839700","648638.160187114",648638.160187114
"183","17031835200","988536.746035654",988536.746035654
"184","17031833900","706312.597840592",706312.597840592
"185","17031836800","816016.025578705",816016.025578705
"186","17031838800","21640424.4365277",21640424.4365277
"187","17031836700","1227837.39427547",1227837.39427547
"188","17031832200","399384.363173874",399384.363173874
"189","17031252201","386788.245942451",386788.245942451
"190","17031831000","281988.225623588",281988.225623588
"191","17031832400","323051.738226063",323051.738226063
"192","17031070103","69092.4623796984",69092.4623796984
"193","17031220701","266384.411677677",266384.411677677
"194","17031841600","159366.72083301",159366.72083301
"195","17031770902","1164794.56457014",1164794.56457014
"196","17031660301","163781.632728084",163781.632728084
"197","17031660302","491838.727864604",491838.727864604
"198","17031301802","345010.467278361",345010.467278361
"199","17031834000","988762.668097118",988762.668097118
"200","17031834200","975448.480725992",975448.480725992
"201","17031730201","999818.841262875",999818.841262875
"202","17031835500","914489.612842758",914489.612842758
"203","17031839500","262519.66498518",262519.66498518
"204","17031839200","650885.374822141",650885.374822141
"205","17031530502","807964.810702122",807964.810702122
"206","17031840400","982644.23458713",982644.23458713
"207","17031841000","1353146.73986171",1353146.73986171
"208","17031030101","238051.724477154",238051.724477154
"209","17031700302","1319647.27823972",1319647.27823972
"210","17031700402","1148946.32706948",1148946.32706948
"211","17031700401","1482527.40593687",1482527.40593687
"212","17031830500","4113598.56552001",4113598.56552001
"213","17031841700","266796.831152169",266796.831152169
"214","17031640100","325922.231350976",325922.231350976
"215","17031840700","541527.194984451",541527.194984451
"216","17031841300","1410350.20665507",1410350.20665507
"217","17031301801","694637.74200648",694637.74200648
"218","17031060800","247373.730067358",247373.730067358
"219","17031832300","840150.290995736",840150.290995736
"220","17031832500","783012.967377176",783012.967377176
"221","17031832000","167584.90423755",167584.90423755
"222","17031160601","397111.943345065",397111.943345065
"223","17031210501","313077.450987503",313077.450987503
"224","17031210601","273653.714456375",273653.714456375
"225","17031081300","202658.963447373",202658.963447373
"226","17031700502","1722969.25851559",1722969.25851559
"227","17031836100","860471.704211961",860471.704211961
"228","17031835700","190189.447217058",190189.447217058
"229","17031061100","173035.50713746",173035.50713746
"230","17031836400","1666110.34580979",1666110.34580979
"231","17031836500","940474.780083007",940474.780083007
"232","17031839600","326898.411559727",326898.411559727
"233","17031840000","591627.480739605",591627.480739605
"234","17031835600","917536.237553087",917536.237553087
"235","17031830800","336534.191792907",336534.191792907
"236","17031460301","485921.192857598",485921.192857598
"237","17031301701","330772.97986771",330772.97986771
"238","17031310400","124462.683202188",124462.683202188
"239","17031530100","649936.522748872",649936.522748872
"240","17031081100","102349.295223639",102349.295223639
"241","17031150700","662401.92315126",662401.92315126
"242","17031301702","330991.047507615",330991.047507615
"243","17031700301","1275710.79187092",1275710.79187092
"244","17031490902","1196068.33929939",1196068.33929939
"245","17031061800","82841.7229285876",82841.7229285876
"246","17031490901","845441.02103228",845441.02103228
"247","17031650302","661844.164952102",661844.164952102
"248","17031831900","324324.255126707",324324.255126707
"249","17031830600","661391.723898321",661391.723898321
"250","17031830900","1037684.69506393",1037684.69506393
"251","17031830700","868895.211334797",868895.211334797
"252","17031300900","327300.044144135",327300.044144135
"253","17031700501","1670354.81015011",1670354.81015011
"254","17031460302","648525.913596154",648525.913596154
"255","17031431302","437420.995182294",437420.995182294
"256","17031222900","218386.059162919",218386.059162919
"257","17031431301","404076.129658098",404076.129658098
"258","17031440101","382675.432976463",382675.432976463
"259","17031301803","351051.71167552",351051.71167552
"260","17031310200","320481.769373366",320481.769373366
"261","17031310300","318219.604065509",318219.604065509
"262","17031310500","163307.216597813",163307.216597813
"263","17031510300","2957010.31531113",2957010.31531113
"264","17031491400","829877.283321753",829877.283321753
"265","17031500200","2044082.15516919",2044082.15516919
"266","17031530200","1297345.75529521",1297345.75529521
"267","17031740100","891332.524669522",891332.524669522
"268","17031140500","452820.148205082",452820.148205082
"269","17031140800","724393.486856544",724393.486856544
"270","17031301100","212133.23810492",212133.23810492
"271","17031150200","1326771.74415859",1326771.74415859
"272","17031150300","1326521.48234357",1326521.48234357
"273","17031301200","482202.902147944",482202.902147944
"274","17031740400","2838802.70676486",2838802.70676486
"275","17031020400","555411.528333061",555411.528333061
"276","17031640300","1324650.60076429",1324650.60076429
"277","17031640600","659754.928711995",659754.928711995
"278","17031010400","1151361.22460054",1151361.22460054
"279","17031071800","323368.048165891",323368.048165891
"280","17031160300","426170.409098867",426170.409098867
"281","17031310700","160036.152078858",160036.152078858
"282","17031071500","1618624.06225951",1618624.06225951
"283","17031071700","159949.228382769",159949.228382769
"284","17031671200","244920.252477204",244920.252477204
"285","17031670500","622493.052386711",622493.052386711
"286","17031670600","327033.760153216",327033.760153216
"287","17031670700","326728.196943691",326728.196943691
"288","17031670800","326299.340288914",326299.340288914
"289","17031670900","326288.961772588",326288.961772588
"290","17031671100","245620.242690989",245620.242690989
"291","17031671300","484660.231274414",484660.231274414
"292","17031671400","495625.066731086",495625.066731086
"293","17031671500","741164.357326556",741164.357326556
"294","17031671600","407250.933483695",407250.933483695
"295","17031670100","326894.659309817",326894.659309817
"296","17031230500","517113.467283678",517113.467283678
"297","17031230600","1020378.75159023",1020378.75159023
"298","17031240600","162941.179094584",162941.179094584
"299","17031241000","210165.553868168",210165.553868168
"300","17031191000","434312.312013409",434312.312013409
"301","17031080300","361488.568017883",361488.568017883
"302","17031300800","325846.674581296",325846.674581296
"303","17031650200","990903.604339059",990903.604339059
"304","17031660500","659357.438045868",659357.438045868
"305","17031221400","355032.543331728",355032.543331728
"306","17031161000","426501.443418198",426501.443418198
"307","17031340600","472400.322399077",472400.322399077
"308","17031240500","233368.988521742",233368.988521742
"309","17031240700","163219.331697369",163219.331697369
"310","17031240800","165946.05491088",165946.05491088
"311","17031240900","1005122.76687217",1005122.76687217
"312","17031241100","333254.857376883",333254.857376883
"313","17031190300","660302.612297712",660302.612297712
"314","17031190800","661317.859359904",661317.859359904
"315","17031190900","314637.004512278",314637.004512278
"316","17031191100","822427.596595243",822427.596595243
"317","17031191200","705575.080371976",705575.080371976
"318","17031080100","265777.850745844",265777.850745844
"319","17031080400","327344.242761912",327344.242761912
"320","17031081000","298824.305103421",298824.305103421
"321","17031150600","656191.437005962",656191.437005962
"322","17031301600","329515.99337925",329515.99337925
"323","17031020500","771659.192394993",771659.192394993
"324","17031821402","1786651.77756137",1786651.77756137
"325","17031750300","661766.435374598",661766.435374598
"326","17031640800","326704.518291769",326704.518291769
"327","17031750100","1285532.58584498",1285532.58584498
"328","17031740200","1966293.64834967",1966293.64834967
"329","17031650400","1098629.93868468",1098629.93868468
"330","17031650500","3241742.95464106",3241742.95464106
"331","17031660600","658609.473247839",658609.473247839
"332","17031221100","440041.291155084",440041.291155084
"333","17031221300","330106.831541062",330106.831541062
"334","17031221500","304901.748715896",304901.748715896
"335","17031020100","411311.371215341",411311.371215341
"336","17031221600","327910.312026961",327910.312026961
"337","17031160800","657627.59745786",657627.59745786
"338","17031160900","657732.349764173",657732.349764173
"339","17031222800","111384.668795723",111384.668795723
"340","17031161100","576341.193365683",576341.193365683
"341","17031161200","517850.136438568",517850.136438568
"342","17031161300","497595.905863003",497595.905863003
"343","17031650100","673591.056389793",673591.056389793
"344","17031330200","790503.692261637",790503.692261637
"345","17031420600","243605.521843576",243605.521843576
"346","17031420700","650528.02799788",650528.02799788
"347","17031661000","1118645.02739934",1118645.02739934
"348","17031823304","3557489.96437254",3557489.96437254
"349","17031010100","381062.510521983",381062.510521983
"350","17031230300","104633.276491439",104633.276491439
"351","17031640400","1334945.74366836",1334945.74366836
"352","17031640500","661915.135116704",661915.135116704
"353","17031640700","657152.164275971",657152.164275971
"354","17031151200","655585.536781422",655585.536781422
"355","17031310800","332782.279353924",332782.279353924
"356","17031660400","645647.453822352",645647.453822352
"357","17031670400","326420.360920283",326420.360920283
"358","17031340400","290254.68106105",290254.68106105
"359","17031420800","347600.979194532",347600.979194532
"360","17031421200","328220.438461434",328220.438461434
"361","17031661100","1299748.4124383",1299748.4124383
"362","17031222500","158413.339797339",158413.339797339
"363","17031190200","660109.107766805",660109.107766805
"364","17031390600","324629.906817942",324629.906817942
"365","17031010300","472019.165133121",472019.165133121
"366","17031010600","494954.476492808",494954.476492808
"367","17031020200","1241962.6290722",1241962.6290722
"368","17031150800","661046.077749282",661046.077749282
"369","17031151100","660843.546568286",660843.546568286
"370","17031230100","164481.702870046",164481.702870046
"371","17031160100","593563.952088637",593563.952088637
"372","17031160200","957665.512896136",957665.512896136
"373","17031160400","657337.349163342",657337.349163342
"374","17031310600","543017.569062645",543017.569062645
"375","17031310900","484909.757602157",484909.757602157
"376","17031320400","1459273.62146912",1459273.62146912
"377","17031061500","162911.036094117",162911.036094117
"378","17031320600","1158440.50737613",1158440.50737613
"379","17031740300","1320728.96052855",1320728.96052855
"380","17031660700","480682.15860178",480682.15860178
"381","17031222700","226171.498426659",226171.498426659
"382","17031221200","330424.882355129",330424.882355129
"383","17031160700","794343.992237185",794343.992237185
"384","17031222200","231071.547627136",231071.547627136
"385","17031340500","435448.152803733",435448.152803733
"386","17031330100","3622939.47087969",3622939.47087969
"387","17031340300","213698.230134648",213698.230134648
"388","17031350400","201453.514373186",201453.514373186
"389","17031750500","2636337.42081474",2636337.42081474
"390","17031750400","995560.149608002",995560.149608002
"391","17031750200","1310962.3876593",1310962.3876593
"392","17031430200","666843.994671654",666843.994671654
"393","17031660800","655388.287154033",655388.287154033
"394","17031660900","1972992.52409325",1972992.52409325
"395","17031670200","326542.570244812",326542.570244812
"396","17031670300","326330.173714093",326330.173714093
"397","17031222600","160601.658279075",160601.658279075
"398","17031230400","334578.856296527",334578.856296527
"399","17031170400","769030.342069202",769030.342069202
"400","17031380700","244481.588468109",244481.588468109
"401","17031381900","172692.034676003",172692.034676003
"402","17031390200","303793.720925557",303793.720925557
"403","17031171000","1393043.57519119",1393043.57519119
"404","17031180100","1062790.99436953",1062790.99436953
"405","17031390300","327048.698695598",327048.698695598
"406","17031390700","1430335.09488336",1430335.09488336
"407","17031400300","1464440.37228224",1464440.37228224
"408","17031400400","326943.174012259",326943.174012259
"409","17031400500","326147.958718567",326147.958718567
"410","17031400800","493309.025282459",493309.025282459
"411","17031410100","484792.503773308",484792.503773308
"412","17031440300","1291889.62240338",1291889.62240338
"413","17031440700","327461.10477357",327461.10477357
"414","17031430800","328072.08946042",328072.08946042
"415","17031671800","324236.440857551",324236.440857551
"416","17031680500","326859.441228862",326859.441228862
"417","17031681100","652441.12175256",652441.12175256
"418","17031200100","586780.266743917",586780.266743917
"419","17031410200","65109.6987962839",65109.6987962839
"420","17031680600","326464.737041676",326464.737041676
"421","17031170600","566524.951392621",566524.951392621
"422","17031380500","191450.197196632",191450.197196632
"423","17031381700","196801.225335757",196801.225335757
"424","17031430300","408970.581234788",408970.581234788
"425","17031430700","367775.389150076",367775.389150076
"426","17031430900","336514.110449295",336514.110449295
"427","17031431200","655296.479922786",655296.479922786
"428","17031431400","2204824.27655998",2204824.27655998
"429","17031230800","205651.451951658",205651.451951658
"430","17031231100","176381.851674909",176381.851674909
"431","17031170900","320577.081320347",320577.081320347
"432","17031210100","854097.597732468",854097.597732468
"433","17031420200","278187.94035645",278187.94035645
"434","17031420300","245119.402799545",245119.402799545
"435","17031440600","669815.344475669",669815.344475669
"436","17031440800","279073.656421715",279073.656421715
"437","17031440900","742630.124510082",742630.124510082
"438","17031560400","334561.026761784",334561.026761784
"439","17031450300","1366765.40807477",1366765.40807477
"440","17031671900","322061.342442413",322061.342442413
"441","17031672000","995026.956053143",995026.956053143
"442","17031680900","1033027.62675312",1033027.62675312
"443","17031681000","651694.610472848",651694.610472848
"444","17031240200","166088.083968062",166088.083968062
"445","17031240300","166590.125472889",166590.125472889
"446","17031200200","818683.894542544",818683.894542544
"447","17031410500","262842.510806803",262842.510806803
"448","17031410600","252560.003289051",252560.003289051
"449","17031170100","1014633.41318485",1014633.41318485
"450","17031170200","653043.017869641",653043.017869641
"451","17031170300","1398901.02750048",1398901.02750048
"452","17031381800","319366.365616845",319366.365616845
"453","17031170500","1539543.1699753",1539543.1699753
"454","17031351400","323710.56192684",323710.56192684
"455","17031381200","258551.178076752",258551.178076752
"456","17031381400","316691.635542605",316691.635542605
"457","17031390100","842814.018590803",842814.018590803
"458","17031430400","545171.214750319",545171.214750319
"459","17031430500","337332.539258451",337332.539258451
"460","17031430600","328335.497226767",328335.497226767
"461","17031230700","650134.812521568",650134.812521568
"462","17031230900","455180.037041067",455180.037041067
"463","17031231200","656680.804073455",656680.804073455
"464","17031170700","579672.416994343",579672.416994343
"465","17031170800","730333.265827398",730333.265827398
"466","17031171100","666147.60700065",666147.60700065
"467","17031190100","316149.56871527",316149.56871527
"468","17031242200","326987.632110788",326987.632110788
"469","17031200300","250668.503641338",250668.503641338
"470","17031210400","419634.661830087",419634.661830087
"471","17031220300","326092.353104984",326092.353104984
"472","17031210700","497303.818485356",497303.818485356
"473","17031210800","162931.217710784",162931.217710784
"474","17031210900","570569.491269545",570569.491269545
"475","17031420100","1379811.90376321",1379811.90376321
"476","17031420400","245126.782564266",245126.782564266
"477","17031420500","245979.15772344",245979.15772344
"478","17031691300","647445.841578639",647445.841578639
"479","17031031700","477476.472386565",477476.472386565
"480","17031470100","1589069.57504772",1589069.57504772
"481","17031480100","668183.388915931",668183.388915931
"482","17031691000","648683.480150655",648683.480150655
"483","17031242300","328316.836211596",328316.836211596
"484","17031411100","282973.84632039",282973.84632039
"485","17031460400","652528.351543239",652528.351543239
"486","17031681200","794728.730429037",794728.730429037
"487","17031690500","320685.372845921",320685.372845921
"488","17031241400","517653.882187708",517653.882187708
"489","17031241500","302869.528049268",302869.528049268
"490","17031241600","293931.503101808",293931.503101808
"491","17031242000","326758.46720061",326758.46720061
"492","17031243300","327091.595245906",327091.595245906
"493","17031491200","649494.647475173",649494.647475173
"494","17031480300","415733.56046069",415733.56046069
"495","17031710800","816277.605450392",816277.605450392
"496","17031711300","350016.799663177",350016.799663177
"497","17031010202","351719.798707857",351719.798707857
"498","17031480200","286026.160404654",286026.160404654
"499","17031480400","1809902.3532381",1809902.3532381
"500","17031480500","1355403.15402037",1355403.15402037
"501","17031241200","328122.45222862",328122.45222862
"502","17031691100","675737.34359628",675737.34359628
"503","17031691200","1013722.15667536",1013722.15667536
"504","17031691400","656678.802317853",656678.802317853
"505","17031051200","164666.450357233",164666.450357233
"506","17031691500","671196.468525564",671196.468525564
"507","17031700100","2311838.12160803",2311838.12160803
"508","17031410700","260189.434413016",260189.434413016
"509","17031410800","249756.637453122",249756.637453122
"510","17031410900","965436.880392577",965436.880392577
"511","17031411000","1896925.02523342",1896925.02523342
"512","17031411200","402445.290256063",402445.290256063
"513","17031530600","1034198.88143074",1034198.88143074
"514","17031460100","5484654.49531306",5484654.49531306
"515","17031460200","600207.713565087",600207.713565087
"516","17031460500","1277221.8645857",1277221.8645857
"517","17031460600","260610.593764258",260610.593764258
"518","17031460700","422528.797457983",422528.797457983
"519","17031241300","164084.220529305",164084.220529305
"520","17031461000","616836.895298232",616836.895298232
"521","17031681300","721327.056550377",721327.056550377
"522","17031681400","643435.632794537",643435.632794537
"523","17031060100","325545.814497494",325545.814497494
"524","17031690300","512068.282207756",512068.282207756
"525","17031690400","651657.549412107",651657.549412107
"526","17031690900","655459.184942633",655459.184942633
"527","17031060200","318277.833166406",318277.833166406
"528","17031242100","327980.259140625",327980.259140625
"529","17031243100","324004.824992548",324004.824992548
"530","17031243200","323849.050196764",323849.050196764
"531","17031611600","315135.738692294",315135.738692294
"532","17031243400","329180.593818393",329180.593818393
"533","17031243500","657214.79057947",657214.79057947
"534","17031711100","653931.115604122",653931.115604122
"535","17031250200","499202.794768693",499202.794768693
"536","17031491000","1277070.45878424",1277070.45878424
"537","17031491100","1322862.51489841",1322862.51489841
"538","17031710100","215114.226830715",215114.226830715
"539","17031510100","2373066.36781696",2373066.36781696
"540","17031510200","1279952.28613902",1279952.28613902
"541","17031710300","327581.078334233",327581.078334233
"542","17031520200","1210350.23253291",1210350.23253291
"543","17031710900","990852.116765739",990852.116765739
"544","17031711000","654359.387910455",654359.387910455
"545","17031711200","1102236.02815828",1102236.02815828
"546","17031711400","747486.485688762",747486.485688762
"547","17031081402","588263.514459416",588263.514459416
"548","17031710600","244932.570579669",244932.570579669
"549","17031061902","861874.85863081",861874.85863081
"550","17031030200","666196.490495242",666196.490495242
"551","17031030300","314151.114277384",314151.114277384
"552","17031030400","346489.138530416",346489.138530416
"553","17031030500","618133.295972702",618133.295972702
"554","17031030800","567411.755783834",567411.755783834
"555","17031242400","328050.701681763",328050.701681763
"556","17031242500","309812.319984475",309812.319984475
"557","17031242600","475743.141374675",475743.141374675
"558","17031242700","175571.404335485",175571.404335485
"559","17031242800","439629.422484603",439629.422484603
"560","17031242900","323820.350746754",323820.350746754
"561","17031243000","324546.269077548",324546.269077548
"562","17031220400","329547.569550206",329547.569550206
"563","17031220500","334923.886347084",334923.886347084
"564","17031031800","235147.901496979",235147.901496979
"565","17031221000","220048.633431315",220048.633431315
"566","17031810400","2319080.76629947",2319080.76629947
"567","17031031900","257668.890328329",257668.890328329
"568","17031520500","1050379.7701422",1050379.7701422
"569","17031720500","1042170.45057477",1042170.45057477
"570","17031490300","632632.260378569",632632.260378569
"571","17031490400","237760.926164293",237760.926164293
"572","17031350100","1086576.65554601",1086576.65554601
"573","17031351100","346345.657593648",346345.657593648
"574","17031251200","662289.654043862",662289.654043862
"575","17031570100","1523743.59514786",1523743.59514786
"576","17031030900","408717.711146062",408717.711146062
"577","17031250600","647769.365252076",647769.365252076
"578","17031560100","736736.259506113",736736.259506113
"579","17031032100","431026.965721854",431026.965721854
"580","17031490500","1425938.07535075",1425938.07535075
"581","17031490600","679060.699492233",679060.699492233
"582","17031490700","640220.762133876",640220.762133876
"583","17031490800","1079252.68707272",1079252.68707272
"584","17031700200","1623944.7332825",1623944.7332825
"585","17031710200","741530.088028453",741530.088028453
"586","17031710400","1002523.27436505",1002523.27436505
"587","17031710500","748394.302779832",748394.302779832
"588","17031710700","490083.214456656",490083.214456656
"589","17031251000","466956.355436636",466956.355436636
"590","17031280400","502202.181509221",502202.181509221
"591","17031320100","910353.799689703",910353.799689703
"592","17031580800","183274.83869554",183274.83869554
"593","17031351000","1485944.45414812",1485944.45414812
"594","17031360200","231661.645711297",231661.645711297
"595","17031380100","437442.33522129",437442.33522129
"596","17031231500","1000739.53627264",1000739.53627264
"597","17031251100","496451.620897647",496451.620897647
"598","17031550200","5401451.25436699",5401451.25436699
"599","17031560800","1321149.98980638",1321149.98980638
"600","17031560900","1319255.0239861",1319255.0239861
"601","17031500300","709169.157794628",709169.157794628
"602","17031561000","1328260.13497072",1328260.13497072
"603","17031561100","1321991.67490229",1321991.67490229
"604","17031570200","1763042.52374549",1763042.52374549
"605","17031730400","1278084.52127001",1278084.52127001
"606","17031730500","1313922.12569847",1313922.12569847
"607","17031730600","1007264.24236429",1007264.24236429
"608","17031730700","988110.432241869",988110.432241869
"609","17031250300","618077.558485667",618077.558485667
"610","17031250400","1309688.00292594",1309688.00292594
"611","17031250500","2061367.42427094",2061367.42427094
"612","17031250700","662596.546840335",662596.546840335
"613","17031250800","573867.204726232",573867.204726232
"614","17031520300","956737.916074318",956737.916074318
"615","17031520600","1090994.38509556",1090994.38509556
"616","17031560200","668997.989899932",668997.989899932
"617","17031560300","659004.385588384",659004.385588384
"618","17031560700","661244.206625169",661244.206625169
"619","17031711500","649393.127229833",649393.127229833
"620","17031720600","582371.430301434",582371.430301434
"621","17031031000","424893.137290241",424893.137290241
"622","17031580300","471020.564367335",471020.564367335
"623","17031050500","652577.820652964",652577.820652964
"624","17031050800","162817.941455428",162817.941455428
"625","17031051000","166635.924135377",166635.924135377
"626","17031051400","358884.705333284",358884.705333284
"627","17031081900","137749.913195141",137749.913195141
"628","17031252000","636147.583330569",636147.583330569
"629","17031260300","329306.117480235",329306.117480235
"630","17031040300","767449.092432205",767449.092432205
"631","17031040800","230028.002000072",230028.002000072
"632","17031050100","334635.573831719",334635.573831719
"633","17031050200","652248.231738068",652248.231738068
"634","17031050300","394730.596055371",394730.596055371
"635","17031380200","215128.394603805",215128.394603805
"636","17031600400","327224.88810195",327224.88810195
"637","17031081500","295436.345842884",295436.345842884
"638","17031720100","1972034.40863192",1972034.40863192
"639","17031720200","1668934.02685134",1668934.02685134
"640","17031720300","1261675.08982625",1261675.08982625
"641","17031720700","1049859.80680232",1049859.80680232
"642","17031730100","660212.701166547",660212.701166547
"643","17031730300","297684.710845819",297684.710845819
"644","17031031100","549967.385253203",549967.385253203
"645","17031031200","326472.638216251",326472.638216251
"646","17031031300","1098960.03556342",1098960.03556342
"647","17031031400","2529485.3596183",2529485.3596183
"648","17031570500","423601.335901032",423601.335901032
"649","17031580100","763543.351997375",763543.351997375
"650","17031580200","729821.650059419",729821.650059419
"651","17031060300","319705.398074682",319705.398074682
"652","17031580400","1316119.68949529",1316119.68949529
"653","17031580600","492786.473628083",492786.473628083
"654","17031530300","1308194.91134286",1308194.91134286
"655","17031051300","321995.221262297",321995.221262297
"656","17031500100","2653039.57281019",2653039.57281019
"657","17031050600","332452.847211783",332452.847211783
"658","17031050700","164327.628033547",164327.628033547
"659","17031050900","162720.832610835",162720.832610835
"660","17031051100","162699.146930954",162699.146930954
"661","17031081800","746628.913630272",746628.913630272
"662","17031090100","933126.971596989",933126.971596989
"663","17031090200","1552548.69825585",1552548.69825585
"664","17031090300","496118.606524064",496118.606524064
"665","17031100100","1177657.67849268",1177657.67849268
"666","17031260200","328335.052107902",328335.052107902
"667","17031100200","2088930.11422322",2088930.11422322
"668","17031260100","324422.835944758",324422.835944758
"669","17031062400","162937.431622081",162937.431622081
"670","17031491300","646029.679565138",646029.679565138
"671","17031720400","663283.852319985",663283.852319985
"672","17031530400","1312060.87244029",1312060.87244029
"673","17031063400","158835.74078413",158835.74078413
"674","17031750600","1316349.22319862",1316349.22319862
"675","17031040100","2001672.99777136",2001672.99777136
"676","17031040600","331256.961361621",331256.961361621
"677","17031040700","358078.631116496",358078.631116496
"678","17031040900","321853.92474394",321853.92474394
"679","17031980000","20040630.378214",20040630.378214
"680","17031081600","132805.766185684",132805.766185684
"681","17031081700","371563.779577781",371563.779577781
"682","17031251300","653465.844808918",653465.844808918
"683","17031251400","680674.153319862",680674.153319862
"684","17031251500","682474.599077955",682474.599077955
"685","17031251900","633901.575938038",633901.575938038
"686","17031260700","329143.469920378",329143.469920378
"687","17031600900","383219.275673515",383219.275673515
"688","17031611200","327039.698939506",327039.698939506
"689","17031062800","325610.538468865",325610.538468865
"690","17031062900","325736.903982611",325736.903982611
"691","17031063000","324350.054510323",324350.054510323
"692","17031063100","159625.232604753",159625.232604753
"693","17031063200","764257.210017241",764257.210017241
"694","17031110200","596252.334010799",596252.334010799
"695","17031251600","480785.748576841",480785.748576841
"696","17031251700","486655.93809933",486655.93809933
"697","17031251800","997742.396252516",997742.396252516
"698","17031570300","980174.138789225",980174.138789225
"699","17031570400","463390.82910276",463390.82910276
"700","17031100600","1282269.7460657",1282269.7460657
"701","17031062200","242322.672822703",242322.672822703
"702","17031100700","1215251.55601957",1215251.55601957
"703","17031261000","499034.822365353",499034.822365353
"704","17031062600","330019.046889669",330019.046889669
"705","17031110100","1849056.20901507",1849056.20901507
"706","17031260900","228196.495529746",228196.495529746
"707","17031270500","562047.990783014",562047.990783014
"708","17031520100","3099839.63510009",3099839.63510009
"709","17031611400","326298.117868349",326298.117868349
"710","17031610300","2383588.65436593",2383588.65436593
"711","17031610800","331962.957385427",331962.957385427
"712","17031611000","571301.077338772",571301.077338772
"713","17031062700","325098.35660648",325098.35660648
"714","17031120300","2054601.27559017",2054601.27559017
"715","17031271800","205983.654265215",205983.654265215
"716","17031520400","719869.370931655",719869.370931655
"717","17031260500","337546.062459023",337546.062459023
"718","17031260600","318886.740851641",318886.740851641
"719","17031580700","549608.666222087",549608.666222087
"720","17031061200","174670.377389633",174670.377389633
"721","17031590500","596380.549174221",596380.549174221
"722","17031590600","348145.383978365",348145.383978365
"723","17031590700","869699.647740168",869699.647740168
"724","17031600600","394134.162765516",394134.162765516
"725","17031600700","465210.006102922",465210.006102922
"726","17031060400","325030.782627016",325030.782627016
"727","17031060500","228281.995876687",228281.995876687
"728","17031060900","903499.767769858",903499.767769858
"729","17031061000","172814.617997531",172814.617997531
"730","17031062000","224976.525088779",224976.525088779
"731","17031062100","244805.884581508",244805.884581508
"732","17031260400","328224.933206858",328224.933206858
"733","17031260800","328946.73251725",328946.73251725
"734","17031630800","655812.671401023",655812.671401023
"735","17031100300","2286749.82894504",2286749.82894504
"736","17031100400","971271.715652825",971271.715652825
"737","17031100500","1957723.81178042",1957723.81178042
"738","17031283100","212436.478691544",212436.478691544
"739","17031271200","329808.523071079",329808.523071079
"740","17031610400","163181.265002207",163181.265002207
"741","17031611100","326781.438070857",326781.438070857
"742","17031611300","327030.624914792",327030.624914792
"743","17031062300","163309.950761119",163309.950761119
"744","17031062500","161002.04127529",161002.04127529
"745","17031070700","686127.514723016",686127.514723016
"746","17031071100","325459.134375969",325459.134375969
"747","17031071300","309581.679681004",309581.679681004
"748","17031140200","394454.996199499",394454.996199499
"749","17031070600","343157.039932611",343157.039932611
"750","17031120400","1064717.22131871",1064717.22131871
"751","17031130100","1839642.19869539",1839642.19869539
"752","17031130200","2079500.32608166",2079500.32608166
"753","17031140100","287980.904789628",287980.904789628
"754","17031283200","235930.9540873",235930.9540873
"755","17031140400","1181560.92501554",1181560.92501554
"756","17031292400","330647.098411179",330647.098411179
"757","17031282700","439299.552366805",439299.552366805
"758","17031292500","982570.590169755",982570.590169755
"759","17031300600","328180.801713292",328180.801713292
"760","17031300700","329126.757941712",329126.757941712
"761","17031282800","164410.153473324",164410.153473324
"762","17031283800","376019.129363528",376019.129363528
"763","17031290900","996493.892716042",996493.892716042
"764","17031291600","220340.33454227",220340.33454227
"765","17031630200","634189.857135753",634189.857135753
"766","17031271300","327412.235573401",327412.235573401
"767","17031280900","115080.465800419",115080.465800419
"768","17031611700","328312.147010828",328312.147010828
"769","17031612100","326345.411293112",326345.411293112
"770","17031070300","324400.885233136",324400.885233136
"771","17031300500","271032.013875291",271032.013875291
"772","17031291200","329139.584464493",329139.584464493
"773","17031620300","992182.643449718",992182.643449718
"774","17031620400","656282.777239304",656282.777239304
"775","17031630100","508069.50327267",508069.50327267
"776","17031630300","985489.145721886",985489.145721886
"777","17031630400","658248.316035848",658248.316035848
"778","17031630500","657742.505666896",657742.505666896
"779","17031110300","1210673.37422437",1210673.37422437
"780","17031110400","934115.819029748",934115.819029748
"781","17031280100","592603.281349651",592603.281349651
"782","17031120100","2789740.43102206",2789740.43102206
"783","17031280800","237354.408617311",237354.408617311
"784","17031120200","2392155.65191622",2392155.65191622
"785","17031271400","328374.324617524",328374.324617524
"786","17031071000","324639.988396043",324639.988396043
"787","17031281900","438803.084593716",438803.084593716
"788","17031550100","8323801.15094542",8323801.15094542
"789","17031071200","325201.771946806",325201.771946806
"790","17031611500","488121.280531065",488121.280531065
"791","17031611800","327806.381874001",327806.381874001
"792","17031611900","653546.43411646",653546.43411646
"793","17031612000","325923.285547301",325923.285547301
"794","17031620100","837580.231812429",837580.231812429
"795","17031620200","577054.561457834",577054.561457834
"796","17031070200","341404.956869884",341404.956869884
"797","17031070400","324369.613577806",324369.613577806
"798","17031070500","305416.156840697",305416.156840697
"799","17031130300","721099.813560779",721099.813560779
"800","17031292200","398012.709760824",398012.709760824
"801","17031630900","659757.91979212",659757.91979212
